No,feedrate,clamp_pressure,row_count,X_OutputCurrent_mean,X_OutputCurrent_std,X_OutputCurrent_max,X_OutputVoltage_mean,X_OutputVoltage_std,X_OutputVoltage_max,X_OutputPower_mean,X_OutputPower_std,X_OutputPower_max,Y_OutputCurrent_mean,Y_OutputCurrent_std,Y_OutputCurrent_max,Y_OutputVoltage_mean,Y_OutputVoltage_std,Y_OutputVoltage_max,Y_OutputPower_mean,Y_OutputPower_std,Y_OutputPower_max,Z_OutputCurrent_mean,Z_OutputCurrent_std,Z_OutputCurrent_max,Z_OutputVoltage_mean,Z_OutputVoltage_std,Z_OutputVoltage_max,S_OutputCurrent_mean,S_OutputCurrent_std,S_OutputCurrent_max,S_OutputVoltage_mean,S_OutputVoltage_std,S_OutputVoltage_max,S_OutputPower_mean,S_OutputPower_std,S_OutputPower_max,S_SystemInertia_mean,S_SystemInertia_std,S_SystemInertia_max,X_ActualVelocity_mean,X_ActualVelocity_std,X_ActualVelocity_max,Y_ActualVelocity_mean,Y_ActualVelocity_std,Y_ActualVelocity_max,Z_ActualVelocity_mean,Z_ActualVelocity_std,Z_ActualVelocity_max,S_ActualVelocity_mean,S_ActualVelocity_std,S_ActualVelocity_max,X_OutputCurrent_cut_mean,X_OutputCurrent_cut_std,X_OutputVoltage_cut_mean,X_OutputVoltage_cut_std,X_OutputPower_cut_mean,X_OutputPower_cut_std,Y_OutputCurrent_cut_mean,Y_OutputCurrent_cut_std,Y_OutputVoltage_cut_mean,Y_OutputVoltage_cut_std,Y_OutputPower_cut_mean,Y_OutputPower_cut_std,Z_OutputCurrent_cut_mean,Z_OutputCurrent_cut_std,Z_OutputVoltage_cut_mean,Z_OutputVoltage_cut_std,S_OutputCurrent_cut_mean,S_OutputCurrent_cut_std,S_OutputVoltage_cut_mean,S_OutputVoltage_cut_std,S_OutputPower_cut_mean,S_OutputPower_cut_std,S_SystemInertia_cut_mean,S_SystemInertia_cut_std,X_ActualVelocity_cut_mean,X_ActualVelocity_cut_std,Y_ActualVelocity_cut_mean,Y_ActualVelocity_cut_std,Z_ActualVelocity_cut_mean,Z_ActualVelocity_cut_std,S_ActualVelocity_cut_mean,S_ActualVelocity_cut_std,X_OutputCurrent_layer1_mean,X_OutputCurrent_layer1_std,X_OutputVoltage_layer1_mean,X_OutputVoltage_layer1_std,X_OutputPower_layer1_mean,X_OutputPower_layer1_std,Y_OutputCurrent_layer1_mean,Y_OutputCurrent_layer1_std,Y_OutputVoltage_layer1_mean,Y_OutputVoltage_layer1_std,Y_OutputPower_layer1_mean,Y_OutputPower_layer1_std,Z_OutputCurrent_layer1_mean,Z_OutputCurrent_layer1_std,Z_OutputVoltage_layer1_mean,Z_OutputVoltage_layer1_std,S_OutputCurrent_layer1_mean,S_OutputCurrent_layer1_std,S_OutputVoltage_layer1_mean,S_OutputVoltage_layer1_std,S_OutputPower_layer1_mean,S_OutputPower_layer1_std,S_SystemInertia_layer1_mean,S_SystemInertia_layer1_std,X_ActualVelocity_layer1_mean,X_ActualVelocity_layer1_std,Y_ActualVelocity_layer1_mean,Y_ActualVelocity_layer1_std,Z_ActualVelocity_layer1_mean,Z_ActualVelocity_layer1_std,S_ActualVelocity_layer1_mean,S_ActualVelocity_layer1_std,X_OutputCurrent_layer2_mean,X_OutputCurrent_layer2_std,X_OutputVoltage_layer2_mean,X_OutputVoltage_layer2_std,X_OutputPower_layer2_mean,X_OutputPower_layer2_std,Y_OutputCurrent_layer2_mean,Y_OutputCurrent_layer2_std,Y_OutputVoltage_layer2_mean,Y_OutputVoltage_layer2_std,Y_OutputPower_layer2_mean,Y_OutputPower_layer2_std,Z_OutputCurrent_layer2_mean,Z_OutputCurrent_layer2_std,Z_OutputVoltage_layer2_mean,Z_OutputVoltage_layer2_std,S_OutputCurrent_layer2_mean,S_OutputCurrent_layer2_std,S_OutputVoltage_layer2_mean,S_OutputVoltage_layer2_std,S_OutputPower_layer2_mean,S_OutputPower_layer2_std,S_SystemInertia_layer2_mean,S_SystemInertia_layer2_std,X_ActualVelocity_layer2_mean,X_ActualVelocity_layer2_std,Y_ActualVelocity_layer2_mean,Y_ActualVelocity_layer2_std,Z_ActualVelocity_layer2_mean,Z_ActualVelocity_layer2_std,S_ActualVelocity_layer2_mean,S_ActualVelocity_layer2_std,X_OutputCurrent_layer3_mean,X_OutputCurrent_layer3_std,X_OutputVoltage_layer3_mean,X_OutputVoltage_layer3_std,X_OutputPower_layer3_mean,X_OutputPower_layer3_std,Y_OutputCurrent_layer3_mean,Y_OutputCurrent_layer3_std,Y_OutputVoltage_layer3_mean,Y_OutputVoltage_layer3_std,Y_OutputPower_layer3_mean,Y_OutputPower_layer3_std,Z_OutputCurrent_layer3_mean,Z_OutputCurrent_layer3_std,Z_OutputVoltage_layer3_mean,Z_OutputVoltage_layer3_std,S_OutputCurrent_layer3_mean,S_OutputCurrent_layer3_std,S_OutputVoltage_layer3_mean,S_OutputVoltage_layer3_std,S_OutputPower_layer3_mean,S_OutputPower_layer3_std,S_SystemInertia_layer3_mean,S_SystemInertia_layer3_std,X_ActualVelocity_layer3_mean,X_ActualVelocity_layer3_std,Y_ActualVelocity_layer3_mean,Y_ActualVelocity_layer3_std,Z_ActualVelocity_layer3_mean,Z_ActualVelocity_layer3_std,S_ActualVelocity_layer3_mean,S_ActualVelocity_layer3_std,task_a
1,6,4.0,1055,325.87582938388624,0.5768573247689267,329,10.75581232227488,6.354004228000603,64.8,0.0008453170018957346,0.0012238693932777435,0.0175,324.3905213270142,0.6107086850367055,328,9.327388625592416,8.303258830228529,51.2,0.0008661346543791469,0.0019413426066504785,0.0144,0.0,0.0,0,0.0,0.0,0,320.1867298578199,2.6572399789089127,329,114.48822748815167,20.40830894488678,129.0,0.17189023067336492,0.037033238655299984,0.441,16.0,0.0,16.0,3.485080568720379,5.875863658764282,48.9,3.203118483412322,6.3304705168041595,10.43,3.3708104265402845,8.748792005640304,54.2,55.68619028436017,9.098132626759524,57.7,325.83148335015136,0.42266317687508437,10.240058526740665,4.573862306916526,0.0007154530343087789,0.0005324884306248105,324.3582240161453,0.5003337010359578,8.403357214934411,5.173985504771127,0.0005727520675782038,0.0006748237009957743,0.0,0.0,0.0,0.0,319.9848637739657,2.2760884745655177,118.05963673057518,3.541711831330276,0.17728314833501513,0.02195356229755713,16.0,0.0,3.725287588294652,4.5040890673143155,4.1200504540867815,3.6857788669476186,3.7709081735620584,1.1430734896193242,57.24308779011099,1.5881156330703012,325.634375,0.5715893120876124,10.550359375000001,4.32327952757852,0.00075816365625,0.00053514146900982,324.190625,0.4663332422098694,8.642125,4.960880027666747,0.000574459653125,0.0006481650896934888,0.0,0.0,0.0,0.0,319.40625,2.1402161288921047,118.1378125,5.493436513660991,0.17781125000000003,0.026802257396857418,16.0,0.0,3.744234375,4.554973835016633,4.1057500000000005,3.7321881771075924,3.9632656249999996,0.46096689448540684,57.04124999999999,2.7847071738132803,325.9522388059701,0.26375808240601495,10.198140298507463,4.653207335183926,0.0007077011253731341,0.0005368652592928425,324.4955223880597,0.500727864172099,8.245247761194028,5.235445924775174,0.0005806945103582089,0.0006976408084049135,0.0,0.0,0.0,0.0,319.6776119402985,2.3325232986573057,118.07761194029851,2.056086400442488,0.17618805970149254,0.01954368301076252,16.0,0.0,3.711343283582089,4.469707888592773,4.119522388059702,3.671346925075013,3.6786268656716423,1.3467906722445537,57.33880597014925,0.08107663241361207,325.8988095238095,0.302030559932115,9.98632738095238,4.720154745751993,0.0006825050892857144,0.0005243869983172458,324.3809523809524,0.48634517328375304,8.333598214285715,5.316426762279658,0.0005632069910714286,0.0006784621356974486,0.0,0.0,0.0,0.0,320.8422619047619,2.090946997445538,117.9672619047619,2.025685718394786,0.1778720238095238,0.01891074850518342,16.0,0.0,3.7211458333333334,4.502891950952492,4.134196428571429,3.666567076771516,3.679717261904762,1.3410340720903056,57.339880952380945,0.07177068037491532,0
2,20,4.0,1668,326.8303357314149,1.6196500714424271,330,4.747626498800959,10.59524051652744,67.2,0.0006743286467745803,0.0018907056518871368,0.0185,328.6810551558753,3.326135921714783,333,3.848411990407674,9.956185733749603,52.6,0.0005967351800179856,0.0020642665050558335,0.0143,0.0,0.0,0,0.0,0.0,0,326.6852517985611,4.873182198071363,332,25.1581654676259,48.22675149540801,123.0,0.03802415723974821,0.07402091035825908,0.535,16.0,0.0,16.0,3.631462829736211,6.899644624125899,48.8,3.4621882494004796,6.522821887546715,24.8,3.623246402877698,7.068766945812418,54.3,15.648042296163073,21.887367147778733,57.5,326.7511693171188,1.609839547670806,5.371555659494854,10.930161013576777,0.0007625550011225444,0.0018721746509843488,328.5388213283442,3.388629217357396,4.322133769878391,10.47637619922411,0.000677109771796071,0.0021911862662670942,0.0,0.0,0.0,0.0,326.399438727783,5.099427123515868,27.82583723105706,49.99430293176071,0.042275088353601505,0.07745576039267092,16.0,0.0,3.664167446211412,7.119508450044155,3.4591768007483634,6.899347596822716,3.4426379794200184,6.383188998394954,16.900796071094483,22.689186339674634,326.56531531531533,1.5563935390617256,4.986286036036036,10.416947065433728,0.0006775882139639639,0.0017027100312158668,328.3806306306306,3.5872464786970255,4.6785608108108105,10.116835816702652,0.0006638573841441441,0.001847121163469616,0.0,0.0,0.0,0.0,325.9527027027027,5.202883112170517,33.9954954954955,53.48597400561712,0.05045282492117117,0.07993818920840247,16.0,0.0,3.144853603603604,6.752640628121739,3.7772522522522523,6.573671852184141,4.54375,5.383297738381903,19.376832207207208,24.187707283262014,326.7665706051873,1.630713361241727,5.522688760806916,11.267417517584365,0.0008146137746397695,0.0019463626816291692,328.71757925072046,3.3479882522059814,4.153553314121037,10.691910410974796,0.00069912509481268,0.0023448947803225515,0.0,0.0,0.0,0.0,326.5850144092219,5.311739119242401,24.198328530259364,47.330040456015425,0.038876111789625356,0.07925267367974416,16.0,0.0,2.8268299711815557,7.3187487802219895,3.4524783861671464,7.112825125616057,2.936757925072046,5.658903651979457,14.857184438040344,21.331583479476993,327.0287769784173,1.6320014778571805,5.79823381294964,11.315996412829506,0.0008332775158273382,0.002031100918487882,328.568345323741,3.100134758250064,3.9632985611510803,10.785205364372745,0.0006707958978057555,0.0024872119460002877,0.0,0.0,0.0,0.0,326.88129496402877,4.596766534961511,22.5,46.44944070186686,0.03345685033812949,0.0697595832144906,16.0,0.0,5.538741007194244,7.124740608199334,2.9595323741007196,7.128315439707575,2.315467625899281,8.198203496788818,15.49710251798561,21.53570492178444,0
3,6,3.0,1521,327.1604207758054,1.46737712000185,330,8.1279258382643,6.543271831082963,65.9,0.0005971111991847469,0.0012609804937408976,0.0291,325.89414858645625,1.44958204557552,329,7.063300460223537,7.745779135051965,51.6,0.000602690057948718,0.0017030834956163637,0.0148,0.0,0.0,0,0.0,0.0,0,322.9000657462196,4.700280646256064,330,79.30486522024984,55.41567387052679,129.0,0.11865371574293228,0.08505009639986338,0.551,15.0,0.0,15.0,2.6272945430637735,4.846183858273157,47.8,2.4749342537804075,5.247539689390374,9.72,2.6034681130834976,7.4744886742339975,53.3,39.123483234714,24.794696094044347,56.5,327.12873134328356,1.4520776430495441,8.21587406716418,6.326130975304928,0.0006055624751492537,0.001257691471226905,325.8600746268657,1.4158668673368515,7.145762126865672,7.476748625424644,0.0006005207156716417,0.0016461369004058218,0.0,0.0,0.0,0.0,322.62126865671644,4.747423998004792,81.63003731343284,54.431535155824044,0.1224996626147388,0.08419796895880605,15.0,0.0,2.6320055970149254,4.677115691667884,2.8971035447761193,5.072100270091872,2.548381529850746,6.751831381185205,40.04041231343284,24.418214452794903,326.97984886649874,1.3979049899543847,8.971435768261964,7.298151602436863,0.0007590307899244332,0.0018329442143217769,325.7103274559194,1.3235318313752265,7.4167959697733,8.359877430181646,0.0007028739435768262,0.0020097131320297094,0.0,0.0,0.0,0.0,322.0403022670025,4.5663888335435265,87.01511335012594,51.93852984173654,0.1295147831209068,0.0788839720887772,15.0,0.0,2.329949622166247,5.615404171794509,2.3425188916876576,5.831651246896117,2.1323299748110833,9.141129921229718,42.37913727959698,23.46177777735197,327.04632152588556,1.4804855705997104,8.920196185286105,6.009596331759379,0.000671863241852861,0.0008070133766926389,325.76566757493185,1.4140661552337066,7.100547683923707,7.609213014267016,0.0005702100719346049,0.0017606815446332726,0.0,0.0,0.0,0.0,322.37874659400546,4.866623874194277,84.42615803814714,53.013033990745306,0.12834202777656675,0.08529406099556949,15.0,0.0,3.064877384196185,4.7407911941074214,2.4823705722070843,5.274004175964728,2.6689237057220705,6.509822055659362,41.07794754768392,23.995654745461636,327.41883116883116,1.4494419674501615,6.402743506493507,4.8191347415406245,0.00032874655844155844,0.000543633387113828,326.1655844155844,1.4888895746458948,6.850285714285714,5.971451281992967,0.000504708296103896,0.0007237562267731696,0.0,0.0,0.0,0.0,323.65909090909093,4.680406363887894,71.35714285714286,57.90621177813468,0.10649592607142859,0.08758112952917287,15.0,0.0,2.505551948051948,2.9134024827696856,4.1061201298701295,3.263538221268162,2.941022727272727,0.5771253112530716,35.78960308441558,25.634054131207495,0
4,6,2.5,532,327.92105263157896,1.4226339663178023,329,6.617488157894737,11.548435869153282,73.8,0.0008030509883458646,0.0028014779727744002,0.0218,326.57706766917295,1.516910469982765,328,7.1676221804511275,13.905540502116567,76.8,0.00114139268518797,0.0037712608599633213,0.0238,0.0,0.0,0,0.0,0.0,0,325.4981203007519,5.45569349979037,329,32.10898496240601,52.15455536114553,130.0,0.05057347294962406,0.08508251049853656,0.568,16.0,0.0,16.0,4.065263157894737,8.254561709008561,54.7,4.03234962406015,10.218683717440365,54.4,3.9894642857142855,11.710518592726219,54.2,19.405189379699248,23.755375580022775,57.5,327.7958656330749,1.505493726369226,6.254009560723514,11.908253966262727,0.00077086065374677,0.0031114773120693323,326.48837209302326,1.6197435305354397,6.081085271317829,12.362286096104262,0.0008378296938242894,0.0034739155132032895,0.0,0.0,0.0,0.0,325.0284237726098,5.732528612805651,36.850387596899225,54.34632866135991,0.05847753377571059,0.08978584149372332,16.0,0.0,4.904702842377262,8.515010571223554,5.853837209302325,8.79789254038642,5.985452196382429,10.82761255504365,21.10813695090439,24.50077143902802,327.7958656330749,1.505493726369226,6.254009560723514,11.908253966262727,0.00077086065374677,0.0031114773120693323,326.48837209302326,1.6197435305354397,6.081085271317829,12.362286096104262,0.0008378296938242894,0.0034739155132032895,0.0,0.0,0.0,0.0,325.0284237726098,5.732528612805651,36.850387596899225,54.34632866135991,0.05847753377571059,0.08978584149372332,16.0,0.0,4.904702842377262,8.515010571223554,5.853837209302325,8.79789254038642,5.985452196382429,10.82761255504365,21.10813695090439,24.50077143902802,,,,,,,,,,,,,,,,,,,,,,,,,,,,,,,,,,,,,,,,,,,,,,,,,,,,,,,,,,,,,,,,,1
5,20,3.0,462,326.7251082251082,1.378553381001474,329,6.440966450216449,13.085437726578368,73.2,0.0009504074575757575,0.0034126405303930058,0.0388,325.5021645021645,1.2750720582741195,327,7.805686363636363,15.794683822709402,74.3,0.001560289191753247,0.00485992650595895,0.0424,0.0,0.0,0,0.0,0.0,0,326.0844155844156,2.93594219955864,328,11.999489177489178,35.57041968128132,123.0,0.021315963484848485,0.06621730308548177,0.56,15.0,0.0,15.0,3.0056493506493505,9.45082284234477,53.2,3.0649891774891773,11.54278388498636,52.9,3.0171428571428573,12.605502695972076,53.1,9.222328463203464,16.48417552095583,56.5,325.6388888888889,2.2285317313471853,8.42648611111111,11.458400909736712,0.0009853547527777777,0.0019831331440035853,324.4583333333333,2.061979767936699,7.741695833333334,11.431861589157052,0.0010610275833333332,0.0022876820617724336,0.0,0.0,0.0,0.0,323.5,4.975998731941327,43.109722222222224,56.73188029825271,0.08323891758333334,0.11941084583524207,15.0,0.0,2.320972222222222,8.554529054911802,5.957291666666666,7.519906021733532,5.173263888888889,10.065209329411624,27.81548611111111,24.24824746795962,325.6388888888889,2.2285317313471853,8.42648611111111,11.458400909736712,0.0009853547527777777,0.0019831331440035853,324.4583333333333,2.061979767936699,7.741695833333334,11.431861589157052,0.0010610275833333332,0.0022876820617724336,0.0,0.0,0.0,0.0,323.5,4.975998731941327,43.109722222222224,56.73188029825271,0.08323891758333334,0.11941084583524207,15.0,0.0,2.320972222222222,8.554529054911802,5.957291666666666,7.519906021733532,5.173263888888889,10.065209329411624,27.81548611111111,24.24824746795962,,,,,,,,,,,,,,,,,,,,,,,,,,,,,,,,,,,,,,,,,,,,,,,,,,,,,,,,,,,,,,,,,1
6,6,4.0,1296,325.3688271604938,1.3383850746109187,328,9.127859567901233,6.657515564318563,65.4,0.0007006624103395062,0.0011154634933073422,0.0155,324.1134259259259,1.3293033530941702,327,7.850549691358024,8.08320739200773,51.4,0.0007081136322530864,0.0018131355341555867,0.0199,0.0,0.0,0,0.0,0.0,0,320.0925925925926,4.448320917779987,328,93.3815200617284,48.29826733508975,129.0,0.1401576783773148,0.07513435642541683,0.481,17.0,0.0,17.0,4.585632716049383,5.3004988277802205,50.0,4.340023148148148,5.699080607238638,11.8,4.5035030864197525,7.863080234176834,55.3,47.40213827160494,21.33412473955483,58.5,325.238416988417,1.1853008765632655,8.896755791505791,5.61987748995833,0.0006282036062741312,0.0008518153222732054,324.0067567567568,1.1864584993699732,7.284544401544401,5.503853918877702,0.0004950990750965251,0.0007229317428880969,0.0,0.0,0.0,0.0,319.6496138996139,4.06728551308921,100.07509652509653,42.93093653281834,0.14913815107915057,0.06621434607876217,17.0,0.0,4.869628378378378,4.524822779984466,5.180805984555985,3.485440830040433,5.388378378378378,6.417428099047931,50.48579416023165,18.684563141735598,325.3454545454546,1.2635253112309275,8.196522077922078,5.239613501585366,0.0005538567335064934,0.0005646988099677641,324.0935064935065,1.2338896896537253,7.172690909090909,5.493145547951998,0.0004828836571428572,0.0006655544471221964,0.0,0.0,0.0,0.0,319.8987012987013,4.3177954657420585,95.88519480519481,46.69542730586215,0.14206476184415584,0.07098114362484767,17.0,0.0,4.245246753246753,3.8612272045156546,5.505285714285714,3.3230347295789873,5.410766233766234,5.251831835417305,48.10512012987012,20.999611149604345,325.3227665706052,1.2743015134132654,9.020020172910662,5.007023305716176,0.0006217377547550433,0.000554508407748194,324.0749279538905,1.2677090907321726,7.132806916426513,5.24029549095785,0.00047042905014409224,0.0006518205941855365,0.0,0.0,0.0,0.0,320.21613832853023,4.237456711242469,95.93659942363112,46.61323477952105,0.14346202212680115,0.07174549833566357,17.0,0.0,4.494610951008646,4.130059717856259,4.741195965417867,3.2417716997645103,5.726296829971181,6.023958528082139,48.726261527377524,20.439314972764226,325.00657894736844,0.9191523611750522,9.642865131578946,6.57745655635424,0.0007297404368421053,0.0013060768852898416,323.81907894736844,0.9967758951569229,7.599401315789473,5.808049797675248,0.0005387287940789474,0.0008578357797785438,0.0,0.0,0.0,0.0,318.6875,3.3167802690463706,110.10526315789474,30.137344112604588,0.16457522871710528,0.048718996034282556,17.0,0.0,6.0884375,5.423693157621295,5.271661184210527,3.890793540728443,4.974309210526316,7.99872140255494,55.50920641447369,10.978460835188553,1
7,20,4.0,565,326.08141592920356,1.6728192468777174,329,13.393613274336284,16.15652771104341,75.4,0.002050283085309735,0.0035742271227183335,0.0207,324.83185840707966,1.630290922060905,327,12.154475398230089,16.740470706339217,72.7,0.002389696865681416,0.005071101354597542,0.0274,0.0,0.0,0,0.0,0.0,0,322.8796460176991,4.9597343087590335,328,58.839716814159296,59.43780062537707,124.0,0.0958408540378761,0.09921368251520594,0.489,17.0,0.0,17.0,5.08646017699115,13.19495600090716,55.3,5.038884955752213,13.0310659530022,54.7,5.002999999999999,14.455033905624918,55.4,32.06501938053097,26.337643121017162,58.6,325.89908256880733,1.6905273116164048,13.422125993883792,14.612569559738194,0.0018602672195718655,0.002686529931307485,324.70030581039754,1.622909197096791,10.581838532110092,13.977901081298725,0.0017376832981651376,0.0033939770379987824,0.0,0.0,0.0,0.0,322.41284403669727,5.024255905914444,64.40532110091743,59.20706600441003,0.1052913352293578,0.10016370459777209,17.0,0.0,4.633776758409786,12.162972808823088,4.64756880733945,10.602854299726683,6.9415749235474005,16.5745017056667,35.10524602446483,25.896654997532526,325.9548611111111,1.690734325386421,13.169674305555555,14.611177345914413,0.0018191726243055556,0.0027034217820256523,324.75694444444446,1.630487102685813,10.9974625,14.359506925125778,0.001836165741319444,0.0035222516193163396,0.0,0.0,0.0,0.0,322.5625,5.095900859996483,61.07826388888889,59.30657929939079,0.10032728940972221,0.10092516807005812,17.0,0.0,4.128281250000001,12.078984618847935,5.032256944444445,11.01003328976636,7.570572916666666,17.397046710649036,33.812873090277776,25.96256749789759,325.4871794871795,1.6522997509340043,15.286384615384614,14.676636868480148,0.002163735,0.002571462944592098,324.28205128205127,1.520884748543944,7.512615384615385,10.386243535043397,0.0010104283333333334,0.002122586390619588,0.0,0.0,0.0,0.0,321.3076923076923,4.3598276532440945,88.97435897435898,52.96448024234195,0.14194890435897436,0.08703112474205127,17.0,0.0,8.366666666666667,12.287012523570812,1.8067948717948719,6.285657597300327,2.2966666666666664,6.764452299505162,44.648923076923076,23.586683953414674,,,,,,,,,,,,,,,,,,,,,,,,,,,,,,,,,1
8,20,4.0,605,325.41818181818184,1.7991903992394,328,12.965582644628098,14.087005395976504,65.5,0.0018152941920826448,0.0027602558167454964,0.019,324.1190082644628,1.6404607881975433,327,10.834007768595042,14.004685075466798,51.3,0.0016773878666115703,0.003312109239958695,0.0207,0.0,0.0,0,0.0,0.0,0,321.92727272727274,4.749834434200616,328,69.88363636363636,58.51297198963323,124.0,0.10942994652925621,0.09432710990838988,0.503,15.0,0.0,15.0,1.9781900826446281,11.443283249503978,47.8,1.4712148760330575,10.718289266704142,23.5,1.9142892561983471,11.745062034433126,53.1,34.98058553719008,25.817833352290442,56.6,325.1480582524272,1.742532518522083,14.10388349514563,14.280859873142115,0.002013024141262136,0.002826667419717096,323.873786407767,1.5872338125426098,10.457332524271845,13.134118175640456,0.0015126504985436896,0.00300824786770902,0.0,0.0,0.0,0.0,321.2378640776699,4.672404185947241,79.5126213592233,56.058398346978706,0.12490064048058251,0.09174895617710833,15.0,0.0,2.0610315533980574,11.974554325968516,2.031007281553398,10.125187992845259,2.350655339805825,10.368601415406866,38.530295509708736,25.076318943381718,325.24590163934425,1.8042148588321185,15.080868852459018,14.055752398307021,0.0019930462131147538,0.0026142964053303143,324.0,1.61245154965971,7.7581639344262285,10.42628398836378,0.0007891518032786886,0.0020597846720848425,0.0,0.0,0.0,0.0,322.21311475409834,3.8475739286740187,78.40983606557377,57.31444758208304,0.11962285124590163,0.08917677026664558,15.0,0.0,5.222868852459017,12.243973601293836,2.048770491803279,7.858980619633912,3.0139344262295085,0.019107475720651832,37.978659836065574,25.55496192368327,325.45344129554655,1.8557913909112815,13.056854251012144,13.791142124589323,0.00185501455951417,0.002577200950069627,324.1417004048583,1.6699648088278423,11.082125506072874,13.999012029180035,0.0017450579801619435,0.003371691381277409,0.0,0.0,0.0,0.0,321.9514170040486,4.9589440441204635,67.91983805668016,58.78172635113055,0.10889907197530363,0.09861770350511503,15.0,0.0,-0.8955668016194331,10.51962614498612,1.0814574898785425,10.664001078643013,2.6521255060728746,9.816153935519258,33.328696356275294,26.29823437970205,324.36538461538464,1.0708647472699258,16.01753846153846,15.41299682491111,0.0024000147211538465,0.0034389933184785157,323.16346153846155,1.089317742505563,10.556615384615384,12.31704124437697,0.0013850425413461538,0.002455895798301897,0.0,0.0,0.0,0.0,318.97115384615387,3.57569120419424,107.6923076923077,35.33915480856918,0.16599999205865384,0.05825273644167556,15.0,0.0,7.2284134615384605,12.910982798663696,4.27576923076923,9.708143358067579,1.245625,14.040735737221029,51.20764903846153,15.800192863035733,1
9,15,4.0,740,325.2162162162162,1.8257685668829633,328,11.670745945945947,11.629783877129388,66.0,0.0014141938400810813,0.002223178613735915,0.0284,323.9891891891892,1.7000809952501406,327,9.852855540540542,12.159192602168405,51.9,0.0013505368255135135,0.002667747118609747,0.0136,0.0,0.0,0,0.0,0.0,0,321.3783783783784,5.045135125623207,328,71.5645945945946,57.7722856188591,128.0,0.11101460158448648,0.09247045422187819,0.514,15.0,0.0,15.0,2.2648243243243242,9.4123942219498,48.0,1.8729459459459459,9.073366650735048,18.5,2.1077027027027024,10.713322371905786,53.1,35.81561452702702,25.68523638020707,56.5,325.0096,1.7938384571238322,12.4985584,11.829070856051942,0.001552270248896,0.002316545167870012,323.7904,1.6629168072072362,10.56427376,12.321622224171936,0.0014559895105599999,0.00273235444167523,0.0,0.0,0.0,0.0,320.8048,4.9588346439099,78.51008,55.83691348781874,0.12204131790596798,0.09017918329273444,15.0,0.0,2.1634559999999996,9.861824518241528,2.017536,9.405876500842574,2.0997199999999996,11.08291963219611,39.03688519999999,24.639721242135536,324.57943925233644,1.6012752146941525,15.049532710280376,12.26050719934987,0.0020222601626168225,0.0027592728116197637,323.48130841121497,1.4231902826018379,10.463033177570095,13.263204092379945,0.001565250267757009,0.0031313946080890115,0.0,0.0,0.0,0.0,319.60747663551405,4.906175105529582,89.47102803738318,50.56406434113111,0.14140731739672896,0.08704899631331574,15.0,0.0,2.87053738317757,11.352710574392349,0.6281775700934578,9.808505492504445,1.247196261682243,14.972271925435626,43.57420794392523,22.520464541381198,325.0845771144279,1.846025716308858,9.814233830845769,11.30518249830801,0.0011357925172139304,0.002144101630051133,323.74626865671644,1.852106505431771,11.679388059701491,10.859585513207064,0.001491048719402985,0.002157981481645642,0.0,0.0,0.0,0.0,320.7412935323383,4.977221746959639,78.8905472636816,55.95424881274884,0.12130678159004976,0.08771857999149044,15.0,0.0,3.2357213930348263,8.528352294082959,2.290771144278607,8.683521781360554,3.486318407960199,8.644081392959546,40.27945895522388,23.696611760318063,325.37619047619046,1.8447921686096265,12.468276190476189,11.343628334416751,0.0014719568323809525,0.0018612190212444486,324.14761904761906,1.6375144683590475,9.600119047619048,12.610148983184313,0.0013110909247619049,0.0027939163369115672,0.0,0.0,0.0,0.0,322.0857142857143,4.6967652223993905,66.97619047619048,58.73665504355157,0.10300949842252381,0.09190152518950888,15.0,0.0,0.4165952380952382,9.205186997467809,3.1718333333333337,9.51577568744723,1.6413095238095237,7.99775193140974,33.22381666666667,26.49317239960468,1
10,12,4.0,1301,325.89392774788627,1.6472265803717798,328,7.9672298232129135,9.086365294316316,69.3,0.0007793675804765565,0.001682763895934287,0.028,324.7040737893928,1.577990057713687,327,6.49878862413528,9.609479023854584,51.0,0.000753773772720984,0.0020135725220729412,0.0136,0.0,0.0,0,0.0,0.0,0,323.95234435049963,3.955818047240037,328,49.115787855495775,58.113045161448035,125.0,0.07405897330846271,0.08934271630567633,0.533,17.0,0.0,17.0,4.609934665641814,6.572474400538061,49.7,4.392624903920062,6.541707511213844,17.7,4.512336664104534,8.091937321354136,55.3,27.53224135280553,26.194461172372584,58.5,325.85915492957747,1.655739108102343,7.884950704225352,8.583067490437339,0.0007413922209255532,0.001259181046800693,324.67002012072436,1.5840870945307894,6.918386317907445,9.79674365518316,0.0008057379172132797,0.0020179651068692973,0.0,0.0,0.0,0.0,323.80181086519116,4.0768000726389,50.40402414486921,58.34177735377111,0.07629282601382292,0.09024566822949887,17.0,0.0,4.359934607645875,6.123109463932569,4.3225855130784705,6.721716582985724,4.502867203219316,7.685051443438023,28.21173264587525,26.246260609708045,325.29392971246006,1.7105989977026361,9.362948881789137,8.71884380037441,0.0009343002843450479,0.0013208364839499532,324.1150159744409,1.626955849518499,8.244610223642173,8.514506464544315,0.0008474718268370608,0.001439911023688324,0.0,0.0,0.0,0.0,322.38338658146967,4.2569677461477715,71.99680511182109,57.66517515500503,0.10882742603833866,0.09178347030431472,17.0,0.0,3.906150159744409,6.562129998346595,6.398274760383386,5.828328411998668,5.691214057507987,6.414457038461111,37.50187060702875,26.026681427755204,326.105,1.5732650467318499,6.357307499999999,7.4317995232196,0.0005077899265,0.0009936661488215595,324.935,1.5087962637193708,4.70303,6.916847084697095,0.00042036628620000004,0.0010999842961799827,0.0,0.0,0.0,0.0,324.3325,3.944088403336484,40.8715,56.01709583076655,0.06273699001500001,0.0866777983767897,17.0,0.0,5.055125,5.021758008218613,4.1743500000000004,4.053105644553913,5.103125,7.363342891017759,24.168914375,25.378459776872106,326.1387900355872,1.5533226927784052,8.413220640569394,9.58097267100645,0.0008590459359430605,0.00146237696044907,324.9110320284698,1.4841734119797647,8.594665480427047,13.402138075769207,0.001307823108291815,0.00315279444469334,0.0,0.0,0.0,0.0,324.62633451957294,3.6399397191609606,39.92170818505338,55.97398239935329,0.05934978185672598,0.08400116353413337,17.0,0.0,3.875800711743772,6.920255967819568,2.2215302491103204,9.470689208212146,2.3247330960854087,8.91561518488413,23.618544483985765,25.08816656589701,1
11,3,4.0,2314,327.3094209161625,1.085703707081712,330,7.2859529818496105,4.7584775576837455,65.9,0.00035955979213483143,0.0008851022821882861,0.0189,325.9407951598963,1.1924406911658243,329,6.626269230769231,5.904921075036295,52.0,0.0003755670955790839,0.0013470919559488267,0.0181,0.0,0.0,0,0.0,0.0,0,322.0203111495246,3.8509882379696636,330,102.00751080380294,40.70443695620188,129.0,0.15341593141197063,0.06406112482339385,0.516,15.0,0.0,15.0,2.7493625756266207,3.368086968761234,48.0,2.6488245462402764,3.93285261372263,6.42,2.729310717372515,5.991287893321711,53.3,49.18020948573898,18.051619642596766,56.8,327.3032939714108,1.116918886813674,7.280665630826601,4.90821286606696,0.00036143513610938473,0.0009847899331377813,325.93847110006215,1.2244677590088213,6.539631448104412,5.698236894688611,0.00035779595343070233,0.0012469218156626902,0.0,0.0,0.0,0.0,322.09509011808575,3.840447476966889,101.70377874456184,41.07358812313851,0.15319200446811687,0.06496399664691974,15.0,0.0,2.7977252952144194,3.5086244154822572,2.6316314481044127,3.760743250515642,2.894322560596644,6.641600693423986,48.96750978868862,18.326081858241658,327.6577540106952,1.3785919123546961,6.352404634581104,4.933421977250815,0.000303059935828877,0.0011302215010060004,326.3636363636364,1.5351932066740597,5.755843137254901,3.915257279494651,0.0002189861099821747,0.0005498860855648745,0.0,0.0,0.0,0.0,323.078431372549,4.439383205953246,89.37967914438502,51.12851679036448,0.13430927703208556,0.07857447914738847,15.0,0.0,2.9188770053475936,3.261574675157847,3.0549286987522284,2.0024898551321186,3.0537254901960784,5.829867067481882,43.22910918003565,22.96342806710446,327.03982300884957,0.7351933585041216,7.488738938053097,4.354316948706905,0.00034532616519174046,0.0009166948550572183,325.6637168141593,0.8073951346392736,6.559648967551622,4.04166849265393,0.00029826824331858406,0.0005258491722494078,0.0,0.0,0.0,0.0,321.3466076696165,3.005545636908433,112.65044247787611,25.169386426726177,0.16956345216519172,0.04176154079473151,15.0,0.0,3.0676474926253685,3.2512580959417074,2.7676179941002954,2.2469779896032374,3.2549778761061945,5.967326463138933,53.81858443952802,11.319092803097035,327.24864864864867,1.1130225995513254,8.30682972972973,5.5508559906001915,0.0004794631621621622,0.000852172515366343,325.7972972972973,1.1521128196991686,7.691343243243243,9.273426889203293,0.0006773421956756757,0.0023813959690413516,0.0,0.0,0.0,0.0,321.9756756756757,3.9084305658441227,100.33075675675676,42.0614781110838,0.15182273028702703,0.069174692275625,15.0,0.0,2.1194189189189188,4.182091967558265,1.7406351351351355,6.721676433792763,1.991756756756757,8.614950247833743,48.77889932432432,18.29895206008038,0
12,3,3.0,2276,327.20957820738136,0.9298543416783404,330,7.690318980667837,4.408777288741527,68.3,0.00035145524020210894,0.0008717543028888824,0.0207,325.7970123022847,0.9820856218476044,329,6.69476230228471,5.935718393708467,51.0,0.00037464781789938486,0.0013303845253160734,0.016,0.0,0.0,0,0.0,0.0,0,322.26186291739896,3.5391642212754335,330,103.42391476274166,39.074152414475414,129.0,0.15499453534753954,0.06196555480878101,0.552,17.0,0.0,17.0,4.739354130052725,3.386699641507869,49.8,4.648323813708259,3.9577609543253254,8.6,4.715749121265378,5.9437877773241,55.0,51.85788038224956,17.2810343498966,58.6,327.10766182298545,0.8264669798442528,7.887566710700132,4.828987735650773,0.000396872821003963,0.0010164301655348725,325.6922060766182,0.8907871088541806,6.673115587846764,6.238120443217862,0.00038622650680317043,0.0014274077918775055,0.0,0.0,0.0,0.0,321.86195508586525,3.3356165072998434,107.64121532364597,33.566397765202545,0.16171437307133418,0.054773866139684095,17.0,0.0,4.713612945838838,3.76222492365849,4.581492734478203,4.202605015189353,4.611753632760898,6.350305313428958,53.88379573976222,14.502347676800827,327.25719120135363,0.9698042239914225,8.326274111675126,5.039030663374688,0.0004454004247038917,0.001073994876008572,325.8460236886633,1.020956809183208,6.0968291032148905,6.7334962776845915,0.0003637812431472081,0.001639692392321854,0.0,0.0,0.0,0.0,322.34856175972925,3.5730147450908873,101.97969543147208,41.01722987169854,0.15225902754653128,0.06373149820191466,17.0,0.0,4.754991539763113,4.150808217186204,4.5059983079526225,4.550050206651348,4.608705583756345,7.525916919729029,51.48562901861252,17.682772440238615,326.89755011135856,0.614714119680148,7.280138084632517,4.909865827614415,0.00034016432071269485,0.00123248732845469,325.42984409799556,0.6682200655453671,6.775487750556793,4.219837796313191,0.0003085773086859688,0.0005319607407183406,0.0,0.0,0.0,0.0,321.2472160356347,2.601321358963445,115.11804008908686,17.521590245226133,0.17317372977728288,0.03207109960359969,17.0,0.0,4.774298440979955,3.6220336859755062,4.797561247216034,2.4256711859103213,5.106648106904232,6.018699067133716,57.14810913140311,7.879774149551558,327.12025316455697,0.7640793623207116,7.915962025316456,4.415286326294565,0.0003900844303797468,0.000648955965551383,325.7489451476793,0.8467378923230282,7.294677215189873,7.088218730013309,0.0004877658333333333,0.0016967760203938694,0.0,0.0,0.0,0.0,321.837552742616,3.549853810282806,107.61772151898735,33.489620086996105,0.16264867274261602,0.057610198943493215,17.0,0.0,4.604535864978903,3.367737538261846,4.470949367088608,5.003506682111886,4.146761603375528,4.856373387843952,53.78177004219409,14.373806560105987,0
13,3,4.0,2233,327.2001791312136,0.9945009934445255,330,7.578590103000449,4.598613033517726,65.7,0.0003724766257948947,0.0009157531241551919,0.0225,325.82355575459025,1.0584361916210268,329,6.895150873264666,5.867646990032117,51.7,0.0003853478437080161,0.0013852695854763629,0.02,0.0,0.0,0,0.0,0.0,0,322.0913569189431,3.3492471729760394,330,104.94919570085088,36.72651124819677,129.0,0.15576846366099417,0.05814537085657354,0.484,17.0,0.0,17.0,4.737109270040305,3.413097346548334,50.3,4.639973130317958,4.001235374217195,8.33,4.717122704881326,6.0602019824647835,55.2,52.71830317957904,16.21925151524313,58.6,327.3109833971903,1.1212587305962118,7.35037017879949,4.395682062919595,0.00035184734125159645,0.0008778351479991336,325.9380587484036,1.1761722990521422,6.573275798212005,5.621277002137126,0.0003541990720945083,0.0013503749300714748,0.0,0.0,0.0,0.0,322.3007662835249,3.694857758199756,100.6197956577267,41.480845314546514,0.14967240399744572,0.06508356503677955,17.0,0.0,4.827589399744571,3.143482066877769,4.596056832694764,3.723536681159098,4.696823116219668,6.115209630967116,50.87079517879948,18.312822215970215,327.3159609120521,1.183563055274448,7.144382736156351,5.458129917906455,0.00038347043159609124,0.0012950259094959133,325.92508143322476,1.199886988920206,7.0018485342019545,6.896062030256447,0.00047734688045602603,0.001703041191329421,0.0,0.0,0.0,0.0,322.54397394136805,3.7417255538103835,98.4244299674267,43.47613947900083,0.14732416421726383,0.06912426885837732,17.0,0.0,4.637825732899023,3.916391958738987,4.204006514657981,4.771582938837877,4.599942996742671,7.725017337178885,50.256417752443,18.730233003259656,327.32,1.1107091576835668,7.163314888888889,3.056806519216553,0.00028645060666666666,0.0002655719637645642,325.8977777777778,1.2408217854677057,6.440573333333333,3.541207847016096,0.00024392180022222222,0.00029527224216837223,0.0,0.0,0.0,0.0,322.22,3.7627940620866878,101.53111111111112,40.67306952405713,0.15053562664577777,0.06321910673762256,17.0,0.0,5.051211111111111,2.1009276850860195,5.251377777777778,1.768331537671033,4.933377777777777,0.44151343225732964,50.98687833333333,18.403590333694048,327.296812749004,1.052299924230607,7.769994023904382,3.907945242442413,0.0003717914709163347,0.0005352215226485717,325.99003984063745,1.0842275129357128,6.168041633466135,5.373617813305369,0.00030243018366533865,0.0014272840994135649,0.0,0.0,0.0,0.0,322.0756972111554,3.5632644169836047,102.48804780876495,39.61620840813053,0.15177074868525894,0.06157760761348121,17.0,0.0,4.859233067729083,2.838039450679804,4.488137450199203,3.4733133109927237,4.603266932270917,6.599495518769418,51.51818625498007,17.717167115589245,0
14,3,3.0,2332,327.39365351629505,1.0353316651282898,330,7.5536548027444255,4.575199156423922,65.5,0.0003586417076758148,0.0008632461687764552,0.0172,326.1346483704974,1.0705929211296776,329,6.694792281303603,5.936520235547235,52.0,0.00036490774429674103,0.0013154671602107213,0.0141,0.0,0.0,0,0.0,0.0,0,322.3186106346484,3.6652198092166293,330,100.49701972555745,41.213198201032256,130.0,0.1480550349358705,0.0636840843284338,0.488,17.0,0.0,17.0,4.752277015437393,3.356135794746553,50.2,4.656788164665523,3.917314275622996,8.45,4.724586192109777,5.850730235095361,55.2,50.841796633790736,18.40024494976883,58.6,327.39338035811176,1.0383000075786215,7.362865436787845,4.197059380746168,0.0003222818200217037,0.0007116927939454171,326.13890396093325,1.0879960425978188,6.686347585458492,5.502571049331457,0.0003402919065111232,0.0011662712232235323,0.0,0.0,0.0,0.0,322.31090613130766,3.678653596603057,100.72818773738469,41.05833810019554,0.1485297603122355,0.06361738975025716,17.0,0.0,4.902419967444384,3.0147458498285054,4.675968529571351,3.544488652529789,4.9288497015735215,5.7998976090482595,50.96563619099294,18.233506352354887,327.47960618846696,1.1292863817553043,7.319360056258791,4.297688962625457,0.0003138905105485232,0.0008097204297827684,326.26160337552744,1.2087368404701317,6.43716329113924,5.49536099231413,0.0003193557563994374,0.0011869817258672614,0.0,0.0,0.0,0.0,322.4950773558368,4.0742635679062555,96.90724331926864,44.38137117122336,0.14388692502257383,0.06951363692024144,17.0,0.0,4.833312236286919,3.074032167554517,4.853762306610407,3.53310077291765,4.606111111111112,5.6501569431302645,49.015010900140645,20.165956163136936,327.308429118774,0.9328129212344085,7.241392720306514,5.127554790683686,0.0003588721954022988,0.0009056899459502838,326.02681992337165,0.963463562677933,7.504237356321839,7.024147740271577,0.0005118759042145594,0.0016593913586006829,0.0,0.0,0.0,0.0,322.17816091954023,3.342402228541104,103.93486590038314,37.89235651457513,0.15236971116283524,0.058335039413486375,17.0,0.0,4.750555555555556,3.7007973252256194,3.8506704980842916,4.810164484824458,4.642509578544061,6.621818696204051,52.09792528735632,17.148853026820255,327.3655737704918,1.006935758122513,7.517522950819672,3.0356198881585494,0.00030075074639344257,0.00025332303788148534,326.09180327868853,1.0258234038168854,6.276891147540984,3.6537941341297966,0.0002178636375409836,0.00027391270723264204,0.0,0.0,0.0,0.0,322.20983606557377,3.4577299670167294,102.4377049180328,39.311190215623604,0.15065533661868852,0.06044902671704562,17.0,0.0,5.112926229508197,2.1648307182973805,5.174975409836066,1.6679871081115065,5.55005737704918,5.141534255851227,52.27029139344262,16.511419134079656,0
15,6,3.0,1381,327.57060101375816,1.2871624789498655,330,8.837966690803766,6.533549574271968,64.6,0.0006363782816799421,0.0011479582072780974,0.0208,326.1998551774077,1.2594109420837203,329,7.456989283128169,7.937042343641279,52.0,0.0006534299262708183,0.0017484147924143087,0.0141,0.0,0.0,0,0.0,0.0,0,323.8501086169442,3.82535140790894,330,86.71309268645909,51.003494573597,123.0,0.12657458946386677,0.07676048201018586,0.524,17.0,0.0,17.0,4.58381245474294,5.129592297584572,50.3,4.432251991310644,5.5194684123831115,11.45,4.536484431571325,7.72344420367817,55.9,44.94065858073859,22.957646946677176,58.5,327.6358907672302,1.3050629648485672,8.700595578673601,6.944644715574249,0.0006436125032509753,0.001326974688150252,326.23797139141743,1.3077549322109818,7.519105591677504,8.8046621642009,0.0007294339960858257,0.001988091123487627,0.0,0.0,0.0,0.0,324.10013003901173,3.7557750647815027,83.01170351105331,52.94413937443388,0.12055718354226269,0.07815089072303306,17.0,0.0,4.636638491547464,5.4180620100421795,3.937581274382315,6.089140398758656,4.319161248374511,9.027708614633944,43.58118530559167,23.628519597158693,327.4397905759162,1.2917910691892223,8.149219895287958,5.187888488821266,0.0005346879267015707,0.0005431939789481964,326.08376963350787,1.25794252622429,6.0905445026178,5.3052402898959645,0.00037879550732984287,0.0006016321157739584,0.0,0.0,0.0,0.0,323.0732984293194,3.85594129540753,91.57591623036649,48.032261593239255,0.13431939941884818,0.07207752031576702,17.0,0.0,5.788664921465968,3.962017717324671,4.993795811518324,2.920204591820174,4.560575916230366,1.5786064584896833,46.88426439790576,21.95535106089988,327.7842323651452,1.226071101438031,9.674618257261411,7.497472208706875,0.0007809625352697095,0.0012856856689153165,326.36099585062243,1.2274522410869506,10.83756265560166,12.67697522792535,0.0014556456746887968,0.003248452557373214,0.0,0.0,0.0,0.0,324.3029045643153,3.9162524427085583,77.41078838174273,55.21942336224816,0.11210383657261411,0.08117509081044322,17.0,0.0,3.4742738589211615,5.943384223909988,2.5551244813278,9.590707459190545,1.679253112033195,11.2095864972725,40.41533609958507,25.25100300466844,327.64094955489617,1.3557142030767062,8.316540059347181,7.339180728595777,0.000607123590504451,0.0016296199931253432,326.2373887240356,1.3833715952222354,5.955624925816023,5.914172765975426,0.0004088254999703264,0.00086075677609924,0.0,0.0,0.0,0.0,324.53709198813056,3.4725909558815222,82.16320474777449,53.4745718314431,0.1188025051661721,0.07844538706551522,17.0,0.0,4.814955489614244,5.588804198044905,4.32759643916914,3.473899921418995,6.070222551928783,9.328175399011748,43.973118694362014,23.120695930540382,0
16,20,3.0,602,329.07142857142856,1.6468234796396561,331,6.6482707641196015,13.776744607664071,74.0,0.0010925445353820596,0.00305112515183351,0.0206,327.7940199335548,1.734670664922238,330,7.345777408637875,16.388343591026075,75.1,0.0015590169722558141,0.004328341095538748,0.0221,0.0,0.0,0,0.0,0.0,0,327.80232558139534,4.366998600756785,330,22.35227242524917,46.14442775140565,124.0,0.0373111245910299,0.08027847107386714,0.569,17.0,0.0,17.0,5.058031561461793,9.747229269896856,55.1,4.979418604651162,11.837915954843128,55.3,5.000290697674418,11.163554401656697,55.9,15.821274833887042,21.01337577261584,58.6,328.2769953051643,1.9189438882375558,10.693596244131454,15.021843817763143,0.0016767492577464788,0.003105574915524173,326.9530516431925,2.004159020486117,11.428370892018782,18.508625177490813,0.0024309252777370885,0.004885485449489535,0.0,0.0,0.0,0.0,325.7887323943662,5.730377904882575,42.699849765258215,56.550315558033546,0.07390131846478873,0.10424533088895113,17.0,0.0,3.787276995305164,11.427928770939483,3.526502347417841,14.102718269567621,4.956690140845071,14.73006365213631,24.112179342723007,25.378767602789296,328.2769953051643,1.9189438882375558,10.693596244131454,15.021843817763143,0.0016767492577464788,0.003105574915524173,326.9530516431925,2.004159020486117,11.428370892018782,18.508625177490813,0.0024309252777370885,0.004885485449489535,0.0,0.0,0.0,0.0,325.7887323943662,5.730377904882575,42.699849765258215,56.550315558033546,0.07390131846478873,0.10424533088895113,17.0,0.0,3.787276995305164,11.427928770939483,3.526502347417841,14.102718269567621,4.956690140845071,14.73006365213631,24.112179342723007,25.378767602789296,,,,,,,,,,,,,,,,,,,,,,,,,,,,,,,,,,,,,,,,,,,,,,,,,,,,,,,,,,,,,,,,,1
17,3,2.5,2150,327.2386046511628,0.8055749831589971,330,7.377845302325581,4.037667487654194,63.8,0.00034039454576744187,0.0007388752100880686,0.0166,326.13209302325583,0.8130180866447089,329,6.3072217674418605,3.766178854851334,36.6,0.0002544335308139535,0.00044087945268494674,0.00964,0.0,0.0,0,0.0,0.0,0,322.326511627907,3.0165349226561498,330,108.71611627906977,29.9758224590157,123.0,0.15749668178813953,0.047856287104664524,0.487,17.0,0.0,17.0,4.9999558139534885,3.039154088120013,50.2,5.003460465116278,2.0612231291974545,8.5,5.007586046511627,5.43535776129691,55.3,54.785634883720924,13.09674544813039,58.7,327.3365963855422,0.9230129130874536,7.107209638554218,4.394512883733834,0.0003214239769578313,0.0008809210012690426,326.21385542168673,0.9362759772268003,6.265546536144578,3.963831208719202,0.00026528740244728915,0.0004962622596320831,0.0,0.0,0.0,0.0,322.6039156626506,3.1608069470562925,105.66867469879519,34.72427964314154,0.15263672031965358,0.053058970631065946,17.0,0.0,4.994141566265061,3.2247948733868967,4.97519578313253,2.191974485941987,5.125353915662651,4.8875839021594105,53.500023719879515,15.09685892304786,327.4,0.9429682864175175,6.7119842696629215,2.9943151764432088,0.00028219925348314605,0.0002579355552678603,326.2831460674157,0.9447860660478851,6.073862921348315,3.590748916412379,0.0002431609884269663,0.0002869189905236549,0.0,0.0,0.0,0.0,322.35505617977526,3.3591012323505622,104.36404494382022,36.378175837928886,0.15076243880112364,0.05538339948088965,17.0,0.0,4.834516853932585,2.0622759616914172,5.057910112359551,1.8374618378120207,4.886101123595505,0.5725744187232016,53.400011797752796,15.077776726328397,327.193359375,0.7936359168058279,7.846287109375,5.816748832132543,0.00041547906113281253,0.001376640532961911,326.064453125,0.8046745119646076,6.7992265625,4.319112710058552,0.000308907526953125,0.0007126730270470014,0.0,0.0,0.0,0.0,322.4609375,2.808018554000064,110.041015625,28.027528355841948,0.158357413859375,0.04408661843626726,17.0,0.0,5.377431640625,4.517242655495174,4.91419921875,2.6680874148694804,5.404648437500001,7.308963130867012,55.10975585937499,12.734002460157539,327.45822102425876,1.0346724587820975,6.561300269541779,3.2452054545836364,0.00023867141320754715,0.00025506000096946424,326.33692722371967,1.0614677459868385,5.758956334231805,3.797263615094504,0.00023162904797843664,0.00028047574781412955,0.0,0.0,0.0,0.0,323.099730458221,3.324483285615986,101.19946091644205,40.037794303402585,0.14698998226954177,0.0604176553595169,17.0,0.0,4.6566442048517525,1.914053994716267,4.960161725067386,1.826353507932261,5.02688679245283,3.3640936409361815,51.39846698113208,17.68140859733466,0
18,3,2.5,2253,327.3266755437195,0.943700907660007,330,7.376281402574345,4.68735982466979,67.8,0.0003768211948513094,0.0009980529792375879,0.0287,326.1233910341767,0.9218333758701018,329,6.704631602308034,5.916247054784474,51.6,0.000381951929409676,0.0013413033700166836,0.0137,0.0,0.0,0,0.0,0.0,0,322.185086551265,3.463192586318304,330,104.27445184198845,37.326977718040155,129.0,0.15194206495130938,0.057086704628228374,0.457,15.0,0.0,15.0,2.7444496227252557,3.43133309849533,48.3,2.637709720372836,3.9982399675901976,6.33,2.708959165557035,5.987461626535711,53.1,50.478223923657346,16.52908276542555,56.8,327.3644418192558,0.9976744227717543,7.421533963378619,5.109951619300719,0.00040033702008269344,0.0011411066996129685,326.13880685174246,0.9713327071802599,6.739046662728883,6.535936229460584,0.0004244264797164796,0.0015356433995735472,0.0,0.0,0.0,0.0,322.21204961606617,3.623119401958274,102.3699586532782,39.537786776124904,0.1494131624721205,0.06035472533016187,15.0,0.0,2.594949793266391,3.7404813923520814,2.3778617838157117,4.464756241023657,2.630457767277023,6.90192348092492,49.672848493797986,17.446303838029102,327.2889305816135,0.8512537088030669,7.417273921200751,4.344768475451512,0.000364922033771107,0.0006399691895458416,326.0487804878049,0.8437426772916138,7.10625703564728,6.8033300906913405,0.0004821998349718574,0.0016186453763678322,0.0,0.0,0.0,0.0,321.8968105065666,3.205764479532966,106.5234521575985,34.73798155472331,0.15499066769230768,0.05315414050109422,15.0,0.0,2.2093058161350845,3.0958143714483444,2.179831144465291,4.731393680052923,2.1981801125703564,4.5991026389981595,51.233568480300185,15.70456093949772,327.32394366197184,0.9145387856007062,7.951549295774648,4.467285228478834,0.00042834048289738433,0.0006890660636223908,326.1066398390342,0.8699138914227641,7.031603621730382,7.128848919790385,0.0004480912555331992,0.0017257471631781083,0.0,0.0,0.0,0.0,322.35613682092554,3.4248745511215017,103.62374245472837,38.12798480751276,0.1500765056808853,0.05741920232890658,15.0,0.0,2.4357746478873237,3.461947122145772,2.067173038229376,4.99541911185257,2.504517102615694,6.336727220191364,50.60544969818913,16.357116318264318,327.4555052790347,1.1493051925299562,7.027647058823529,6.02077045302792,0.00040781585369532424,0.0016252846993448403,326.2352941176471,1.1205941707591396,6.224530920060332,5.78556567658346,0.00036024157484162896,0.0012973660978800514,0.0,0.0,0.0,0.0,322.3574660633484,4.048102114520673,98.09101055806937,43.62441400194945,0.14443202844932126,0.06722599251512322,15.0,0.0,3.0242986425339367,4.330687169238598,2.7699622926093515,3.742245723825253,3.07238310708899,8.620472618376878,47.7190527903469,19.30915025728638,0
19,15,4.0,565,326.08141592920356,1.6728192468777174,329,13.393613274336284,16.15652771104341,75.4,0.002050283085309735,0.0035742271227183335,0.0207,324.83185840707966,1.630290922060905,327,12.154475398230089,16.740470706339217,72.7,0.002389696865681416,0.005071101354597542,0.0274,0.0,0.0,0,0.0,0.0,0,322.8796460176991,4.9597343087590335,328,58.839716814159296,59.43780062537707,124.0,0.0958408540378761,0.09921368251520594,0.489,17.0,0.0,17.0,4.939933628318584,6.97559417399336,30.1125,4.725278761061946,6.952371210415943,31.425,4.752469026548671,8.402979779888787,30.2,41.61764840707965,15.483568606649987,58.5,325.89908256880733,1.6905273116164048,13.422125993883792,14.612569559738194,0.0018602672195718655,0.002686529931307485,324.70030581039754,1.622909197096791,10.581838532110092,13.977901081298725,0.0017376832981651376,0.0033939770379987824,0.0,0.0,0.0,0.0,322.41284403669727,5.024255905914444,64.40532110091743,59.20706600441003,0.1052913352293578,0.10016370459777209,17.0,0.0,4.365527522935779,6.66901985404582,4.435672782874618,6.034614875301821,5.93348623853211,9.617013581781613,41.62587492354741,16.939033793312404,325.9548611111111,1.690734325386421,13.169674305555555,14.611177345914413,0.0018191726243055556,0.0027034217820256523,324.75694444444446,1.630487102685813,10.9974625,14.359506925125778,0.001836165741319444,0.0035222516193163396,0.0,0.0,0.0,0.0,322.5625,5.095900859996483,61.07826388888889,59.30657929939079,0.10032728940972221,0.10092516807005812,17.0,0.0,4.372786458333334,6.558530902284987,5.178793402777777,5.54161616413959,6.713984375,9.184293159633436,41.25800772569445,17.367937883049922,325.4871794871795,1.6522997509340043,15.286384615384614,14.676636868480148,0.002163735,0.002571462944592098,324.28205128205127,1.520884748543944,7.512615384615385,10.386243535043397,0.0010104283333333334,0.002122586390619588,0.0,0.0,0.0,0.0,321.3076923076923,4.3598276532440945,88.97435897435898,52.96448024234195,0.14194890435897436,0.08703112474205127,17.0,0.0,4.311923076923077,7.528681921001268,-1.0519871794871796,6.736918932552081,0.16980769230769238,10.846921652572425,44.34243269230769,13.219293227977127,,,,,,,,,,,,,,,,,,,,,,,,,,,,,,,,,1
20,12,4.0,605,325.41818181818184,1.7991903992394,328,12.965582644628098,14.087005395976504,65.5,0.0018152941920826448,0.0027602558167454964,0.019,324.1190082644628,1.6404607881975433,327,10.834007768595042,14.004685075466798,51.3,0.0016773878666115703,0.003312109239958695,0.0207,0.0,0.0,0,0.0,0.0,0,321.92727272727274,4.749834434200616,328,69.88363636363636,58.51297198963323,124.0,0.10942994652925621,0.09432710990838988,0.503,15.0,0.0,15.0,2.090479338842975,7.25617977500135,25.45,1.3371115702479341,6.7327687557135265,19.6,1.868694214876033,8.500373992885457,52.05,35.709020247933886,16.514599033703533,56.5,325.1480582524272,1.742532518522083,14.10388349514563,14.280859873142115,0.002013024141262136,0.002826667419717096,323.873786407767,1.5872338125426098,10.457332524271845,13.134118175640456,0.0015126504985436896,0.00300824786770902,0.0,0.0,0.0,0.0,321.2378640776699,4.672404185947241,79.5126213592233,56.058398346978706,0.12490064048058251,0.09174895617710833,15.0,0.0,2.022591019417476,7.383831429706932,1.8964563106796115,6.377067517168418,2.380976941747573,6.849790167285545,36.01581128640777,16.147657072903037,325.24590163934425,1.8042148588321185,15.080868852459018,14.055752398307021,0.0019930462131147538,0.0026142964053303143,324.0,1.61245154965971,7.7581639344262285,10.42628398836378,0.0007891518032786886,0.0020597846720848425,0.0,0.0,0.0,0.0,322.21311475409834,3.8475739286740187,78.40983606557377,57.31444758208304,0.11962285124590163,0.08917677026664558,15.0,0.0,3.3008606557377047,8.450097088757397,3.00094262295082,5.389607402290047,2.0741803278688526,3.7378120472106704,34.89397745901639,17.168327824813478,325.45344129554655,1.8557913909112815,13.056854251012144,13.791142124589323,0.00185501455951417,0.002577200950069627,324.1417004048583,1.6699648088278423,11.082125506072874,13.999012029180035,0.0017450579801619435,0.003371691381277409,0.0,0.0,0.0,0.0,321.9514170040486,4.9589440441204635,67.91983805668016,58.78172635113055,0.10889907197530363,0.09861770350511503,15.0,0.0,0.46556680161943326,6.675001559223889,0.8115283400809716,6.865251778257544,2.4642813765182185,7.184823539480486,34.10701821862348,16.57091364841844,324.36538461538464,1.0708647472699258,16.01753846153846,15.41299682491111,0.0024000147211538465,0.0034389933184785157,323.16346153846155,1.089317742505563,10.556615384615384,12.31704124437697,0.0013850425413461538,0.002455895798301897,0.0,0.0,0.0,0.0,318.97115384615387,3.57569120419424,107.6923076923077,35.33915480856918,0.16599999205865384,0.05825273644167556,15.0,0.0,4.970769230769231,7.3476480293175035,3.825336538461539,5.048096464968044,2.363076923076923,7.464652709707911,41.20719350961538,13.275236315945527,1
21,3,4.0,1668,326.8303357314149,1.6196500714424271,330,4.747626498800959,10.59524051652744,67.2,0.0006743286467745803,0.0018907056518871368,0.0185,328.6810551558753,3.326135921714783,333,3.848411990407674,9.956185733749603,52.6,0.0005967351800179856,0.0020642665050558335,0.0143,0.0,0.0,0,0.0,0.0,0,326.6852517985611,4.873182198071363,332,25.1581654676259,48.22675149540801,123.0,0.03802415723974821,0.07402091035825908,0.535,15.5,0.0,15.5,3.2488324340527575,3.7786884430552425,27.375,3.1089433453237416,3.524526749590073,14.675,3.320785371702638,4.543200802076906,28.6625,32.60493826438849,14.19517646329555,57.0,326.7511693171188,1.609839547670806,5.371555659494854,10.930161013576777,0.0007625550011225444,0.0018721746509843488,328.5388213283442,3.388629217357396,4.322133769878391,10.47637619922411,0.000677109771796071,0.0021911862662670942,0.0,0.0,0.0,0.0,326.399438727783,5.099427123515868,27.82583723105706,49.99430293176071,0.042275088353601505,0.07745576039267092,15.5,0.0,3.3148292797006547,3.8254704231533307,3.2411810102899903,3.6672627524784525,3.4139008419083257,4.049680918210195,33.253927385406925,14.608690596731178,326.56531531531533,1.5563935390617256,4.986286036036036,10.416947065433728,0.0006775882139639639,0.0017027100312158668,328.3806306306306,3.5872464786970255,4.6785608108108105,10.116835816702652,0.0006638573841441441,0.001847121163469616,0.0,0.0,0.0,0.0,325.9527027027027,5.202883112170517,33.9954954954955,53.48597400561712,0.05045282492117117,0.07993818920840247,15.5,0.0,3.014290540540541,3.7602873045703005,3.4916666666666667,3.3973158362000153,3.8395101351351353,4.229889819927138,33.42089611486487,15.795786207269579,326.7665706051873,1.630713361241727,5.522688760806916,11.267417517584365,0.0008146137746397695,0.0019463626816291692,328.71757925072046,3.3479882522059814,4.153553314121037,10.691910410974796,0.00069912509481268,0.0023448947803225515,0.0,0.0,0.0,0.0,326.5850144092219,5.311739119242401,24.198328530259364,47.330040456015425,0.038876111789625356,0.07925267367974416,15.5,0.0,2.8662175792507205,3.7277618138913144,3.1313256484149856,3.852620857504836,3.4748342939481267,3.683549185276656,33.98234221902017,13.10994682706903,327.0287769784173,1.6320014778571805,5.79823381294964,11.315996412829506,0.0008332775158273382,0.002031100918487882,328.568345323741,3.100134758250064,3.9632985611510803,10.785205364372745,0.0006707958978057555,0.0024872119460002877,0.0,0.0,0.0,0.0,326.88129496402877,4.596766534961511,22.5,46.44944070186686,0.03345685033812949,0.0697595832144906,15.5,0.0,4.354784172661871,3.8691374655882447,2.978246402877698,3.83010274125395,2.658093525179856,4.098838895010433,32.07804946043166,14.388410199476287,1
22,20,3.0,565,326.08141592920356,1.6728192468777174,329,13.393613274336284,16.15652771104341,75.4,0.002050283085309735,0.0035742271227183335,0.0207,324.83185840707966,1.630290922060905,327,12.154475398230089,16.740470706339217,72.7,0.002389696865681416,0.005071101354597542,0.0274,0.0,0.0,0,0.0,0.0,0,322.8796460176991,4.9597343087590335,328,58.839716814159296,59.43780062537707,124.0,0.0958408540378761,0.09921368251520594,0.489,17.0,0.0,17.0,4.895535398230089,6.693788823289951,31.525,5.086592920353983,6.50837811683156,29.8375,5.13453982300885,7.836562226052361,30.1875,43.72915150442478,13.303128897984557,58.5,325.89908256880733,1.6905273116164048,13.422125993883792,14.612569559738194,0.0018602672195718655,0.002686529931307485,324.70030581039754,1.622909197096791,10.581838532110092,13.977901081298725,0.0017376832981651376,0.0033939770379987824,0.0,0.0,0.0,0.0,322.41284403669727,5.024255905914444,64.40532110091743,59.20706600441003,0.1052913352293578,0.10016370459777209,17.0,0.0,4.694655963302752,6.213935220780372,4.957928134556575,5.407621560671489,5.744655963302752,8.576516834049936,45.82755458715596,13.034386742968545,325.9548611111111,1.690734325386421,13.169674305555555,14.611177345914413,0.0018191726243055556,0.0027034217820256523,324.75694444444446,1.630487102685813,10.9974625,14.359506925125778,0.001836165741319444,0.0035222516193163396,0.0,0.0,0.0,0.0,322.5625,5.095900859996483,61.07826388888889,59.30657929939079,0.10032728940972221,0.10092516807005812,17.0,0.0,4.426970486111111,6.24259334664966,5.111111111111111,5.648988078708901,6.028012152777778,9.020042644816694,46.07831154513889,12.979605156752127,325.4871794871795,1.6522997509340043,15.286384615384614,14.676636868480148,0.002163735,0.002571462944592098,324.28205128205127,1.520884748543944,7.512615384615385,10.386243535043397,0.0010104283333333334,0.002122586390619588,0.0,0.0,0.0,0.0,321.3076923076923,4.3598276532440945,88.97435897435898,52.96448024234195,0.14194890435897436,0.08703112474205127,17.0,0.0,6.671410256410256,5.690300230114349,3.826730769230769,2.8922504301334775,3.6521794871794873,3.3831073762989177,43.9758108974359,13.458587607015712,,,,,,,,,,,,,,,,,,,,,,,,,,,,,,,,,0
23,3,4.0,462,326.7251082251082,1.378553381001474,329,6.440966450216449,13.085437726578368,73.2,0.0009504074575757575,0.0034126405303930058,0.0388,325.5021645021645,1.2750720582741195,327,7.805686363636363,15.794683822709402,74.3,0.001560289191753247,0.00485992650595895,0.0424,0.0,0.0,0,0.0,0.0,0,326.0844155844156,2.93594219955864,328,11.999489177489178,35.57041968128132,123.0,0.021315963484848485,0.06621730308548177,0.56,16.0,0.0,16.0,3.7688906926406927,5.6870109024721645,36.5,4.224020562770563,6.655354328889534,34.45,4.3550270562770566,7.480394578476473,29.15,21.59997619047619,15.115372405627095,57.4,325.6388888888889,2.2285317313471853,8.42648611111111,11.458400909736712,0.0009853547527777777,0.0019831331440035853,324.4583333333333,2.061979767936699,7.741695833333334,11.431861589157052,0.0010610275833333332,0.0022876820617724336,0.0,0.0,0.0,0.0,323.5,4.975998731941327,43.109722222222224,56.73188029825271,0.08323891758333334,0.11941084583524207,16.0,0.0,3.965520833333333,6.855012648018196,4.9911111111111115,4.823545078915041,6.574305555555556,8.089862235528356,28.257699652777777,17.853639270532913,325.6388888888889,2.2285317313471853,8.42648611111111,11.458400909736712,0.0009853547527777777,0.0019831331440035853,324.4583333333333,2.061979767936699,7.741695833333334,11.431861589157052,0.0010610275833333332,0.0022876820617724336,0.0,0.0,0.0,0.0,323.5,4.975998731941327,43.109722222222224,56.73188029825271,0.08323891758333334,0.11941084583524207,16.0,0.0,3.965520833333333,6.855012648018196,4.9911111111111115,4.823545078915041,6.574305555555556,8.089862235528356,28.257699652777777,17.853639270532913,,,,,,,,,,,,,,,,,,,,,,,,,,,,,,,,,,,,,,,,,,,,,,,,,,,,,,,,,,,,,,,,,1
24,3,3.0,2332,327.39365351629505,1.0353316651282898,330,7.5536548027444255,4.575199156423922,65.5,0.0003586417076758148,0.0008632461687764552,0.0172,326.1346483704974,1.0705929211296776,329,6.694792281303603,5.936520235547235,52.0,0.00036490774429674103,0.0013154671602107213,0.0141,0.0,0.0,0,0.0,0.0,0,322.3186106346484,3.6652198092166293,330,100.49701972555745,41.213198201032256,130.0,0.1480550349358705,0.0636840843284338,0.488,17.0,0.0,17.0,4.752277015437393,3.356135794746553,50.2,4.656788164665523,3.917314275622996,8.45,4.724586192109777,5.850730235095361,55.2,50.841796633790736,18.40024494976883,58.6,327.39338035811176,1.0383000075786215,7.362865436787845,4.197059380746168,0.0003222818200217037,0.0007116927939454171,326.13890396093325,1.0879960425978188,6.686347585458492,5.502571049331457,0.0003402919065111232,0.0011662712232235323,0.0,0.0,0.0,0.0,322.31090613130766,3.678653596603057,100.72818773738469,41.05833810019554,0.1485297603122355,0.06361738975025716,17.0,0.0,4.902419967444384,3.0147458498285054,4.675968529571351,3.544488652529789,4.9288497015735215,5.7998976090482595,50.96563619099294,18.233506352354887,327.47960618846696,1.1292863817553043,7.319360056258791,4.297688962625457,0.0003138905105485232,0.0008097204297827684,326.26160337552744,1.2087368404701317,6.43716329113924,5.49536099231413,0.0003193557563994374,0.0011869817258672614,0.0,0.0,0.0,0.0,322.4950773558368,4.0742635679062555,96.90724331926864,44.38137117122336,0.14388692502257383,0.06951363692024144,17.0,0.0,4.833312236286919,3.074032167554517,4.853762306610407,3.53310077291765,4.606111111111112,5.6501569431302645,49.015010900140645,20.165956163136936,327.308429118774,0.9328129212344085,7.241392720306514,5.127554790683686,0.0003588721954022988,0.0009056899459502838,326.02681992337165,0.963463562677933,7.504237356321839,7.024147740271577,0.0005118759042145594,0.0016593913586006829,0.0,0.0,0.0,0.0,322.17816091954023,3.342402228541104,103.93486590038314,37.89235651457513,0.15236971116283524,0.058335039413486375,17.0,0.0,4.750555555555556,3.7007973252256194,3.8506704980842916,4.810164484824458,4.642509578544061,6.621818696204051,52.09792528735632,17.148853026820255,327.3655737704918,1.006935758122513,7.517522950819672,3.0356198881585494,0.00030075074639344257,0.00025332303788148534,326.09180327868853,1.0258234038168854,6.276891147540984,3.6537941341297966,0.0002178636375409836,0.00027391270723264204,0.0,0.0,0.0,0.0,322.20983606557377,3.4577299670167294,102.4377049180328,39.311190215623604,0.15065533661868852,0.06044902671704562,17.0,0.0,5.112926229508197,2.1648307182973805,5.174975409836066,1.6679871081115065,5.55005737704918,5.141534255851227,52.27029139344262,16.511419134079656,0
25,6,2.5,565,326.08141592920356,1.6728192468777174,329,13.393613274336284,16.15652771104341,75.4,0.002050283085309735,0.0035742271227183335,0.0207,324.83185840707966,1.630290922060905,327,12.154475398230089,16.740470706339217,72.7,0.002389696865681416,0.005071101354597542,0.0274,0.0,0.0,0,0.0,0.0,0,322.8796460176991,4.9597343087590335,328,58.839716814159296,59.43780062537707,124.0,0.0958408540378761,0.09921368251520594,0.489,17.0,0.0,17.0,4.939933628318584,6.97559417399336,30.1125,4.725278761061946,6.952371210415943,31.425,4.752469026548671,8.402979779888787,30.2,41.61764840707965,15.483568606649987,58.5,325.89908256880733,1.6905273116164048,13.422125993883792,14.612569559738194,0.0018602672195718655,0.002686529931307485,324.70030581039754,1.622909197096791,10.581838532110092,13.977901081298725,0.0017376832981651376,0.0033939770379987824,0.0,0.0,0.0,0.0,322.41284403669727,5.024255905914444,64.40532110091743,59.20706600441003,0.1052913352293578,0.10016370459777209,17.0,0.0,4.365527522935779,6.66901985404582,4.435672782874618,6.034614875301821,5.93348623853211,9.617013581781613,41.62587492354741,16.939033793312404,325.9548611111111,1.690734325386421,13.169674305555555,14.611177345914413,0.0018191726243055556,0.0027034217820256523,324.75694444444446,1.630487102685813,10.9974625,14.359506925125778,0.001836165741319444,0.0035222516193163396,0.0,0.0,0.0,0.0,322.5625,5.095900859996483,61.07826388888889,59.30657929939079,0.10032728940972221,0.10092516807005812,17.0,0.0,4.372786458333334,6.558530902284987,5.178793402777777,5.54161616413959,6.713984375,9.184293159633436,41.25800772569445,17.367937883049922,325.4871794871795,1.6522997509340043,15.286384615384614,14.676636868480148,0.002163735,0.002571462944592098,324.28205128205127,1.520884748543944,7.512615384615385,10.386243535043397,0.0010104283333333334,0.002122586390619588,0.0,0.0,0.0,0.0,321.3076923076923,4.3598276532440945,88.97435897435898,52.96448024234195,0.14194890435897436,0.08703112474205127,17.0,0.0,4.311923076923077,7.528681921001268,-1.0519871794871796,6.736918932552081,0.16980769230769238,10.846921652572425,44.34243269230769,13.219293227977127,,,,,,,,,,,,,,,,,,,,,,,,,,,,,,,,,0
